Unnamed: 0,Distance_km,Weather,Traffic_Level,Time_of_Day,Preparation_Time_min,Delivery_Time_min
0,7.93,Windy,Low,Afternoon,12,43
1,16.42,Clear,Medium,Evening,20,84
2,9.52,Foggy,Low,Night,28,59
3,7.44,Rainy,Medium,Afternoon,5,37
4,19.03,Clear,Low,Morning,16,68
5,19.4,Clear,Low,Evening,8,57
6,9.52,Clear,Low,Morning,12,49
7,17.39,Clear,Medium,Evening,5,46
8,1.78,Snowy,Low,Evening,20,35
9,10.62,Foggy,Low,Evening,29,73
10,16.86,Snowy,Medium,Afternoon,13,88
11,15.54,Clear,Low,Night,29,76
12,10.89,Clear,High,Night,12,53
13,4.69,Rainy,Medium,Evening,12,36
14,2.8,Clear,High,Morning,10,33
15,2.17,Snowy,Low,Evening,15,35
16,17.86,Rainy,Low,Afternoon,5,50
17,2.53,Snowy,Low,Morning,6,24
18,6.58,Foggy,Low,Evening,6,27
19,5.38,Clear,Medium,Evening,26,47
20,15.56,Rainy,Low,Afternoon,28,72
21,13.08,Rainy,Low,Morning,16,58
22,0.86,Clear,High,Afternoon,26,37
23,5.83,Clear,High,Evening,27,56
24,11.2,Clear,Medium,Morning,23,73
25,14.59,Clear,Medium,Morning,15,64
26,12.91,Windy,Medium,Evening,11,56
27,13.92,Snowy,Low,Morning,18,70
28,4.04,Snowy,Low,Night,11,70
29,18.05,Clear,Medium,Evening,10,123
30,12.88,Clear,Medium,Morning,8,52
31,19.45,Rainy,High,Morning,20,108
32,4.58,Clear,High,Morning,22,45
33,19.73,Foggy,Medium,Evening,27,111
34,2.47,Windy,Medium,Morning,27,44
35,17.8,Snowy,Medium,Morning,16,73
36,5.96,Clear,Medium,Afternoon,22,45
37,12.85,Windy,Medium,Afternoon,18,61
38,1.02,Clear,Medium,Afternoon,25,34
39,6.84,Rainy,Medium,Night,14,47
40,8.68,Rainy,Medium,Morning,8,52
41,10.69,Clear,Medium,Night,25,67
42,0.99,Clear,Medium,Evening,15,32
43,1.11,Clear,Low,Morning,5,8
44,2.16,Snowy,Low,Evening,15,36
45,13.17,Windy,Medium,Afternoon,16,67
46,8.79,Snowy,Low,Night,14,43
47,5.93,Clear,Low,Afternoon,19,36
48,2.09,Rainy,Low,Night,23,36
49,7.57,Clear,Low,Morning,21,56
50,10.52,Rainy,Medium,Afternoon,8,56
51,4.83,Rainy,Low,Morning,25,47
52,19.81,Snowy,Medium,Afternoon,20,104
53,10.1,Rainy,Low,Evening,8,50
54,7.64,Windy,Low,Afternoon,10,31
55,12.35,Clear,Low,Morning,10,35
56,5.9,Rainy,Low,Evening,26,44
57,0.9,Clear,Low,Afternoon,20,23
58,11.58,Clear,Medium,Morning,16,61
59,16.16,Clear,High,Afternoon,11,82
60,15.51,Clear,Low,Evening,17,69
61,12.16,Windy,High,Evening,11,69
62,4.96,Rainy,High,Morning,21,60
63,3.64,Windy,High,Evening,17,40
64,2.85,Clear,Low,Morning,26,38
65,10.4,Clear,Low,Evening,16,52
66,12.31,Windy,Low,Morning,29,68
67,3.53,Clear,Medium,Afternoon,13,31
68,15.56,Clear,Medium,Evening,14,54
69,13.6,Clear,Medium,Afternoon,27,87
70,15.23,Snowy,High,Morning,5,62
71,4.17,Clear,Low,Evening,5,22
72,3.21,Rainy,High,Night,16,42
73,6.38,Snowy,Low,Evening,16,111
74,16.54,Rainy,Low,Afternoon,6,51
75,12.02,Clear,Low,Morning,9,41
76,11.94,Clear,Low,Evening,20,69
77,9.08,Clear,Low,Afternoon,14,49
78,3.46,Snowy,Medium,Morning,23,48
79,6.8,Foggy,Medium,Morning,13,46
80,17.38,Rainy,Medium,Afternoon,11,92
81,3.25,Clear,Low,Morning,23,32
82,10.28,Clear,Medium,Evening,29,71
83,16.14,Clear,Low,Night,6,65
84,3.55,Clear,Medium,Evening,23,43
85,10.65,Clear,Medium,Afternoon,23,58
86,19.03,Clear,Low,Afternoon,26,68
87,7.3,Clear,Low,Night,14,28
88,7.03,Clear,Low,Evening,21,44
89,12.43,Snowy,Low,Afternoon,12,70
90,12.76,Windy,High,Morning,27,74
91,11.39,Rainy,High,Evening,14,72
92,19.41,Clear,Low,Morning,7,48
93,13.17,Rainy,High,Evening,17,69
94,8.32,Rainy,Low,Afternoon,12,49
95,1.92,Clear,Low,Morning,8,14
96,1.15,Clear,Low,Afternoon,26,30
97,17.8,Windy,High,Afternoon,12,73
98,7.46,Clear,Medium,Evening,8,42
99,7.25,Clear,Medium,Afternoon,18,45
100,16.7,Clear,Medium,Afternoon,28,76
101,17.2,Rainy,High,Afternoon,14,94
102,0.86,Clear,Medium,Afternoon,21,28
103,18.76,Clear,Medium,Evening,15,80
104,9.22,Clear,Medium,Afternoon,18,57
105,2.84,Clear,Low,Evening,24,35
106,17.59,Clear,Low,Morning,24,69
107,14.89,Snowy,High,Morning,17,87
108,1.3,Clear,Medium,Evening,22,31
109,18.99,Rainy,High,Afternoon,10,70
110,1.6,Foggy,Low,Night,24,37
111,8.26,Snowy,Low,Afternoon,15,57
112,10.16,Clear,High,Night,12,52
113,12.03,Clear,Medium,Morning,20,65
114,14.73,Rainy,Low,Afternoon,24,74
115,12.56,Clear,High,Evening,17,69
116,5.53,Clear,Medium,Afternoon,19,44
117,10.18,Foggy,Medium,Morning,25,73
118,15.5,Clear,Medium,Morning,28,91
119,2.98,Foggy,Medium,Night,11,27
120,16.69,Foggy,Medium,Evening,8,65
121,11.22,Windy,High,Evening,25,79
122,8.53,Clear,Low,Evening,8,41
123,12.49,Clear,Medium,Morning,25,77
124,0.97,Clear,Low,Night,24,26
125,12.6,Windy,Medium,Afternoon,8,58
126,6.91,Clear,Medium,Evening,28,56
127,18.97,Clear,Low,Evening,25,141
128,4.05,Clear,Medium,Evening,20,44
129,14.29,Windy,Medium,Morning,14,78
130,1.3,Foggy,Low,Evening,19,29
131,12.11,Rainy,Low,Morning,9,59
132,14.94,Clear,Medium,Morning,11,62
133,2.29,Rainy,High,Afternoon,8,80
134,17.36,Rainy,High,Afternoon,24,105
135,18.48,Clear,Medium,Night,8,82
136,16.25,Foggy,High,Morning,10,91
137,5.13,Clear,Low,Morning,15,30
138,15.81,Clear,Low,Morning,25,92
139,0.61,Clear,Low,Afternoon,10,16
140,5.55,Foggy,High,Evening,18,116
141,19.35,Clear,High,Morning,12,75
142,4.03,Clear,Medium,Evening,9,25
143,7.09,Snowy,Low,Morning,13,37
144,8.25,Clear,Medium,Afternoon,7,28
145,11.26,Clear,Low,Night,5,49
146,19.7,Rainy,Low,Evening,10,60
147,0.8,Snowy,High,Evening,14,36
148,7.0,Rainy,Medium,Evening,17,49
149,14.43,Clear,Medium,Morning,14,113
150,6.89,Rainy,Medium,Afternoon,11,43
151,5.13,Foggy,Medium,Evening,25,60
152,1.5,Clear,Low,Afternoon,10,17
153,2.78,Clear,High,Afternoon,9,41
154,11.31,Clear,Medium,Evening,7,54
155,15.05,Clear,Medium,Evening,12,66
156,5.78,Foggy,Low,Afternoon,9,33
157,11.83,Clear,Low,Evening,9,32
158,8.08,Foggy,Low,Morning,25,61
159,16.1,Clear,Low,Evening,25,64
160,9.74,Rainy,Medium,Evening,7,37
161,17.6,Clear,Low,Afternoon,27,69
162,10.22,Snowy,Medium,Night,18,68
163,2.19,Clear,Low,Evening,26,32
164,11.41,Windy,Medium,Afternoon,17,68
165,4.14,Clear,Medium,Morning,14,30
166,12.65,Rainy,Low,Afternoon,18,60
167,4.15,Clear,Medium,Morning,17,46
168,16.8,Clear,High,Morning,19,85
169,9.06,Clear,Medium,Evening,23,47
170,13.04,Clear,Medium,Morning,20,65
171,10.7,Clear,Medium,Afternoon,8,44
172,6.15,Foggy,Low,Evening,26,48
173,16.47,Snowy,High,Evening,20,75
174,1.39,Clear,Medium,Afternoon,15,24
175,11.14,Rainy,Medium,Morning,7,47
176,3.81,Rainy,High,Afternoon,5,31
177,2.39,Rainy,Medium,Evening,27,43
178,11.74,Clear,High,Evening,6,54
179,8.26,Clear,Low,Morning,21,80
180,9.54,Rainy,Medium,Evening,11,47
181,3.88,Clear,Medium,Morning,16,35
182,0.95,Rainy,Medium,Morning,27,44
183,8.59,Clear,Low,Night,17,36
184,8.59,Clear,Low,Evening,22,43
185,14.21,Clear,Medium,Evening,24,58
186,13.03,Foggy,Low,Morning,9,50
187,8.03,Clear,Low,Evening,14,42
188,13.2,Snowy,Low,Morning,14,62
189,12.67,Clear,Medium,Evening,10,65
190,17.54,Clear,Medium,Morning,16,54
191,9.32,Clear,Low,Morning,6,30
192,6.03,Rainy,High,Afternoon,8,46
193,15.71,Clear,Low,Afternoon,28,69
194,4.87,Snowy,High,Evening,16,54
195,18.15,Rainy,High,Morning,22,108
196,0.78,Clear,Medium,Morning,6,17
197,0.6,Clear,Low,Afternoon,26,30
198,2.09,Clear,Medium,Evening,5,16
199,7.49,Clear,Medium,Morning,13,45
200,1.41,Foggy,Medium,Evening,15,72
201,18.92,Clear,High,Morning,27,100
202,12.41,Clear,Medium,Morning,10,51
203,1.06,Clear,Low,Afternoon,19,21
204,18.34,Clear,High,Night,9,92
205,13.52,Clear,Low,Morning,27,82
206,16.79,Foggy,High,Afternoon,24,85
207,15.39,Clear,Medium,Evening,24,89
208,7.39,Rainy,Medium,Morning,25,60
209,10.98,Rainy,Low,Morning,10,55
210,11.08,Snowy,Medium,Morning,9,57
211,5.41,Clear,Medium,Night,14,36
212,0.94,Clear,High,Morning,9,21
213,7.27,Windy,Low,Afternoon,10,35
214,2.99,Windy,Medium,Morning,27,41
215,15.28,Snowy,Low,Evening,16,72
216,2.48,Windy,Medium,Afternoon,14,27
217,17.13,Rainy,Low,Evening,19,71
218,7.17,Clear,Low,Afternoon,15,32
219,5.47,Rainy,Low,Morning,21,38
220,19.53,Foggy,Low,Afternoon,11,87
221,7.5,Clear,High,Morning,29,66
222,5.61,Windy,Low,Night,25,48
223,4.1,Clear,Low,Morning,21,37
224,6.22,Rainy,Medium,Morning,15,49
225,14.77,Clear,High,Morning,11,67
226,12.55,Windy,Low,Evening,13,51
227,10.31,Foggy,Medium,Morning,19,62
228,8.72,Snowy,Medium,Evening,18,64
229,17.07,Clear,Medium,Morning,20,73
230,8.27,Clear,High,Afternoon,13,58
231,7.54,Snowy,Low,Afternoon,20,55
232,14.07,Clear,High,Afternoon,5,67
233,19.02,Clear,Medium,Afternoon,29,87
234,19.0,Clear,High,Morning,28,96
235,3.83,Rainy,Medium,Afternoon,12,30
236,10.3,Clear,Low,Evening,19,48
237,8.09,Clear,High,Afternoon,15,51
238,18.06,Clear,Medium,Night,9,52
239,2.76,Windy,Medium,Morning,8,22
240,12.17,Snowy,Low,Evening,20,68
241,12.33,Clear,Medium,Evening,22,75
242,1.38,Clear,Medium,Evening,5,13
243,18.49,Clear,Low,Afternoon,14,71
244,10.57,Snowy,Low,Afternoon,28,59
245,2.0,Clear,High,Evening,10,30
246,3.29,Clear,Medium,Afternoon,17,32
247,1.94,Rainy,Medium,Morning,16,35
248,6.56,Windy,Medium,Morning,14,47
249,9.58,Clear,High,Afternoon,26,60
250,6.95,Clear,Medium,Morning,25,58
251,14.05,Clear,High,Morning,19,72
252,18.97,Rainy,High,Night,20,108
253,13.53,Rainy,Low,Evening,28,78
254,15.14,Rainy,Medium,Morning,8,66
255,5.96,Clear,Low,Afternoon,26,48
256,3.43,Windy,Medium,Morning,7,23
257,6.24,Clear,Medium,Evening,15,52
258,17.94,Rainy,High,Evening,22,85
259,3.54,Rainy,Medium,Evening,10,32
260,16.38,Rainy,Medium,Night,7,90
261,7.81,Clear,Low,Evening,11,42
262,8.84,Clear,Medium,Morning,26,57
263,14.09,Clear,Medium,Afternoon,12,55
264,11.92,Clear,Low,Afternoon,14,46
265,17.3,Clear,Low,Evening,9,67
266,14.08,Clear,High,Morning,28,66
267,2.8,Clear,High,Afternoon,28,50
268,17.96,Clear,Medium,Morning,22,76
269,14.09,Clear,High,Afternoon,12,67
270,9.39,Clear,Low,Morning,14,37
271,17.9,Clear,Low,Morning,23,85
272,4.55,Rainy,Low,Afternoon,5,21
273,6.24,Snowy,Low,Afternoon,20,51
274,16.92,Clear,Low,Morning,29,70
275,14.31,Clear,Medium,Morning,9,47
276,14.66,Windy,Medium,Morning,20,77
277,2.23,Clear,Low,Morning,7,14
278,12.65,Clear,Low,Evening,15,66
279,7.24,Rainy,Medium,Evening,28,65
280,3.01,Clear,Medium,Evening,14,26
281,11.52,Clear,Medium,Morning,25,58
282,3.95,Clear,Low,Afternoon,13,25
283,1.09,Clear,Medium,Morning,6,17
284,13.99,Clear,High,Evening,7,96
285,19.32,Rainy,High,Morning,21,112
286,11.72,Rainy,Low,Evening,11,42
287,2.13,Rainy,Low,Morning,9,22
288,8.17,Clear,Medium,Afternoon,20,44
289,12.21,Clear,High,Morning,9,57
290,3.17,Clear,Medium,Evening,17,33
291,18.68,Snowy,Low,Afternoon,11,62
292,10.95,Clear,Medium,Evening,24,55
293,19.26,Windy,Medium,Morning,21,67
294,9.44,Rainy,Medium,Evening,28,63
295,4.86,Foggy,Medium,Evening,25,52
296,5.81,Foggy,Low,Afternoon,25,51
297,7.34,Rainy,Low,Evening,22,47
298,17.39,Foggy,Medium,Morning,25,100
299,5.22,Snowy,Low,Evening,11,40
300,12.32,Clear,Medium,Evening,17,71
301,2.15,Windy,Medium,Afternoon,17,30
302,9.36,Rainy,High,Morning,17,65
303,2.28,Clear,Medium,Evening,27,39
304,14.54,Clear,Medium,Evening,29,73
305,12.15,Clear,High,Morning,12,63
306,1.4,Windy,Low,Evening,9,17
307,3.37,Clear,High,Morning,9,28
308,3.85,Rainy,Medium,Afternoon,26,46
309,9.03,Clear,Low,Morning,11,43
310,17.99,Snowy,Low,Afternoon,15,63
311,16.35,Clear,Medium,Morning,16,66
312,19.61,Clear,High,Evening,8,72
313,16.29,Clear,Low,Morning,20,72
314,7.84,Windy,Low,Afternoon,6,28
315,18.17,Rainy,Low,Afternoon,13,71
316,17.89,Windy,Low,Morning,27,101
317,13.34,Clear,Medium,Night,20,53
318,4.43,Foggy,Low,Morning,10,63
319,13.21,Clear,Medium,Morning,12,63
320,2.76,Windy,Medium,Night,6,27
321,1.5,Foggy,Medium,Evening,15,32
322,11.04,Clear,Medium,Afternoon,8,54
323,1.22,Clear,Medium,Evening,6,14
324,14.58,Clear,Low,Afternoon,13,57
325,18.26,Rainy,High,Night,28,93
326,3.88,Foggy,Low,Evening,27,42
327,18.07,Clear,High,Afternoon,5,67
328,12.11,Clear,Medium,Evening,28,75
329,7.08,Clear,Medium,Afternoon,5,27
330,3.12,Rainy,Low,Evening,14,28
331,2.03,Foggy,High,Evening,14,36
332,1.8,Clear,Medium,Night,14,28
333,5.42,Clear,Low,Evening,11,26
334,7.8,Clear,Low,Evening,23,52
335,8.47,Rainy,Low,Afternoon,19,48
336,6.79,Rainy,Low,Evening,16,39
337,13.6,Rainy,Medium,Afternoon,23,83
338,13.06,Rainy,High,Morning,17,59
339,19.93,Snowy,Low,Afternoon,6,59
340,11.3,Snowy,Medium,Afternoon,15,70
341,6.74,Rainy,Medium,Evening,21,47
342,10.49,Rainy,Low,Morning,28,66
343,8.83,Clear,Medium,Evening,12,109
344,7.15,Clear,High,Night,29,60
345,15.94,Clear,Low,Evening,24,77
346,11.26,Foggy,High,Afternoon,14,70
347,11.87,Clear,Medium,Morning,10,43
348,2.83,Windy,Medium,Afternoon,14,28
349,11.74,Clear,Low,Afternoon,20,52
350,2.71,Clear,Low,Morning,6,20
351,10.47,Clear,High,Evening,14,55
352,4.5,Snowy,High,Evening,24,66
353,19.74,Clear,Low,Morning,21,71
354,1.23,Clear,Low,Evening,18,21
355,4.83,Clear,Low,Evening,11,29
356,1.51,Clear,High,Afternoon,14,32
357,1.62,Windy,Low,Evening,9,16
358,11.31,Clear,High,Evening,20,67
359,6.05,Clear,Medium,Morning,24,48
360,10.14,Clear,Medium,Morning,20,59
361,9.45,Clear,Low,Afternoon,13,49
362,6.8,Clear,High,Evening,28,55
363,15.65,Clear,Low,Afternoon,27,76
364,2.26,Clear,Medium,Morning,6,19
365,12.05,Clear,Low,Evening,29,61
366,8.25,Windy,Medium,Evening,24,62
367,12.85,Rainy,Medium,Afternoon,23,80
368,15.14,Windy,Medium,Morning,15,71
369,4.59,Foggy,Low,Evening,19,36
370,12.02,Clear,Low,Afternoon,26,63
371,19.8,Clear,High,Evening,7,88
372,19.27,Foggy,High,Afternoon,14,92
373,4.92,Clear,High,Morning,12,41
374,1.63,Rainy,Medium,Night,24,38
375,18.04,Clear,Medium,Morning,8,71
376,19.4,Snowy,Medium,Afternoon,23,92
377,16.4,Clear,High,Morning,12,70
378,12.01,Clear,Low,Morning,5,42
379,18.46,Clear,Medium,Morning,29,153
380,13.09,Windy,Low,Morning,17,69
381,1.22,Foggy,High,Afternoon,14,38
382,10.36,Rainy,Medium,Afternoon,7,39
383,4.31,Rainy,Medium,Afternoon,9,35
384,13.32,Windy,Medium,Afternoon,26,71
385,16.1,Clear,Low,Morning,16,61
386,14.11,Rainy,High,Morning,24,93
387,2.84,Clear,Medium,Night,28,44
388,16.09,Snowy,Low,Morning,13,69
389,16.05,Snowy,Medium,Evening,11,89
390,13.37,Windy,High,Afternoon,17,63
391,10.16,Snowy,Medium,Night,10,67
392,6.13,Clear,Medium,Night,22,48
393,4.96,Rainy,Low,Afternoon,10,28
394,3.0,Clear,Low,Morning,29,43
395,2.23,Snowy,Medium,Evening,14,41
396,17.96,Clear,Medium,Evening,26,74
397,7.8,Rainy,Medium,Morning,11,49
398,10.9,Clear,High,Afternoon,6,47
399,3.17,Clear,Low,Afternoon,17,28
400,9.39,Windy,Medium,Morning,21,50
401,17.44,Clear,Low,Evening,25,89
402,3.02,Rainy,Medium,Morning,23,46
403,19.99,Rainy,High,Evening,17,112
404,16.22,Rainy,High,Evening,22,102
405,2.74,Clear,High,Afternoon,18,37
406,5.74,Rainy,High,Evening,13,46
407,9.75,Clear,Low,Afternoon,22,50
408,15.62,Rainy,Medium,Afternoon,23,78
409,16.54,Rainy,Medium,Afternoon,25,77
410,7.84,Rainy,Low,Morning,7,36
411,17.44,Clear,Low,Night,23,85
412,11.08,Windy,High,Afternoon,16,70
413,17.61,Clear,Medium,Evening,21,79
414,8.28,Snowy,Low,Evening,29,58
415,15.32,Clear,Medium,Morning,17,80
416,3.83,Rainy,Low,Evening,27,49
417,3.25,Rainy,Medium,Evening,29,51
418,19.75,Clear,Medium,Morning,25,103
419,15.19,Foggy,Low,Evening,6,53
420,8.92,Windy,Medium,Morning,25,62
421,18.63,Windy,Low,Afternoon,11,85
422,12.74,Clear,Low,Night,18,67
423,18.13,Rainy,High,Evening,21,88
424,2.47,Rainy,Low,Afternoon,22,34
425,18.15,Windy,Medium,Morning,11,89
426,1.74,Foggy,High,Afternoon,8,28
427,5.79,Windy,Medium,Morning,26,49
428,5.75,Windy,High,Morning,7,37
429,17.41,Snowy,Medium,Evening,20,80
430,1.2,Rainy,Low,Morning,24,33
431,8.07,Windy,Low,Evening,21,48
432,1.88,Clear,Medium,Morning,24,35
433,0.72,Rainy,Medium,Afternoon,9,23
434,14.19,Clear,Medium,Afternoon,9,57
435,16.73,Windy,High,Afternoon,9,71
436,18.53,Rainy,Low,Afternoon,8,57
437,4.32,Clear,Low,Morning,21,34
438,13.6,Foggy,High,Evening,9,61
439,18.46,Rainy,Low,Morning,19,94
440,7.67,Windy,Low,Morning,9,31
441,8.23,Snowy,Low,Evening,17,56
442,13.44,Clear,Low,Night,29,63
443,15.04,Clear,Low,Morning,24,60
444,7.48,Clear,Medium,Morning,21,52
445,10.11,Rainy,Medium,Afternoon,23,63
446,10.88,Snowy,Low,Afternoon,13,52
447,13.97,Snowy,Low,Evening,14,52
448,3.48,Foggy,Low,Afternoon,9,31
449,10.73,Foggy,Low,Morning,6,35
450,5.18,Clear,Medium,Afternoon,9,30
451,8.47,Foggy,Medium,Evening,24,68
452,15.64,Rainy,Low,Morning,20,141
453,10.95,Snowy,Medium,Afternoon,9,65
454,19.29,Windy,Medium,Evening,7,84
455,2.59,Windy,Medium,Morning,13,28
456,3.98,Clear,High,Night,19,41
457,6.06,Foggy,Low,Afternoon,10,41
458,6.72,Foggy,Low,Evening,8,31
459,19.04,Clear,Medium,Morning,27,85
460,14.28,Windy,High,Afternoon,23,77
461,16.26,Rainy,High,Morning,16,70
462,4.25,Clear,Low,Afternoon,5,22
463,12.26,Clear,Low,Afternoon,20,66
464,19.81,Clear,Low,Afternoon,27,74
465,18.2,Windy,Medium,Morning,27,108
466,12.85,Rainy,Medium,Morning,14,73
467,6.91,Clear,Low,Evening,27,91
468,9.64,Clear,Low,Morning,10,46
469,9.64,Rainy,Medium,Evening,14,52
470,2.28,Foggy,Medium,Morning,27,44
471,15.34,Rainy,Low,Afternoon,18,54
472,3.22,Rainy,Medium,Night,14,34
473,9.71,Clear,Low,Morning,8,49
474,17.18,Clear,Medium,Night,13,62
475,5.3,Clear,Medium,Afternoon,29,47
476,10.0,Clear,Medium,Afternoon,6,47
477,10.75,Rainy,Medium,Morning,8,60
478,9.49,Rainy,Medium,Morning,23,53
479,7.24,Clear,Medium,Afternoon,28,57
480,16.09,Rainy,Low,Morning,21,66
481,15.53,Clear,Low,Morning,26,83
482,19.41,Windy,Low,Morning,11,62
483,17.24,Clear,Low,Evening,17,69
484,11.33,Clear,Low,Morning,25,60
485,18.23,Rainy,Low,Afternoon,27,86
486,1.17,Clear,Medium,Morning,16,25
487,5.33,Clear,Low,Evening,29,51
488,4.14,Rainy,Low,Morning,23,41
489,2.02,Clear,High,Evening,28,44
490,14.46,Rainy,Medium,Morning,11,68
491,3.86,Clear,Medium,Afternoon,21,34
492,12.59,Windy,Medium,Morning,13,62
493,1.11,Clear,High,Morning,22,35
494,9.11,Clear,Low,Afternoon,19,42
495,18.77,Snowy,Medium,Evening,24,115
496,16.35,Foggy,Medium,Night,16,67
497,6.22,Clear,Low,Afternoon,16,29
498,7.78,Foggy,High,Afternoon,25,74
499,0.88,Rainy,Low,Night,27,37
500,16.43,Clear,Low,Evening,13,56
501,8.04,Clear,Medium,Evening,27,65
502,18.65,Foggy,Low,Night,19,68
503,5.73,Foggy,Low,Morning,7,30
504,12.42,Rainy,Low,Evening,28,79
505,2.11,Clear,Low,Afternoon,28,34
506,18.62,Clear,Low,Evening,27,75
507,17.61,Clear,Medium,Morning,19,80
508,10.62,Rainy,Medium,Night,7,48
509,18.83,Clear,Medium,Night,8,68
510,14.07,Clear,Medium,Morning,16,73
511,9.29,Clear,Medium,Evening,10,40
512,1.29,Rainy,Low,Evening,7,15
513,4.08,Windy,Medium,Afternoon,7,33
514,19.12,Windy,High,Evening,8,92
515,17.93,Clear,Medium,Afternoon,29,85
516,2.33,Clear,Low,Morning,6,17
517,3.18,Rainy,Medium,Evening,21,42
518,1.97,Clear,High,Morning,28,43
519,6.2,Windy,High,Evening,7,42
520,1.02,Windy,High,Evening,6,21
521,5.3,Clear,Low,Evening,16,32
522,9.34,Rainy,Low,Evening,10,40
523,10.09,Clear,Medium,Evening,7,49
524,15.35,Rainy,High,Night,23,80
525,17.12,Rainy,Low,Morning,26,86
526,3.94,Snowy,Low,Afternoon,19,43
527,18.02,Clear,Medium,Evening,12,77
528,14.41,Snowy,Medium,Evening,8,75
529,11.44,Rainy,Medium,Evening,20,57
530,15.23,Foggy,Low,Morning,6,52
531,1.95,Clear,Low,Morning,16,23
532,7.72,Rainy,Medium,Morning,11,36
533,11.78,Clear,Low,Afternoon,26,71
534,3.4,Windy,Medium,Morning,11,30
535,2.14,Clear,High,Evening,18,34
536,10.04,Rainy,High,Afternoon,12,59
537,14.72,Clear,Medium,Evening,15,80
538,3.7,Clear,Medium,Morning,28,45
539,19.73,Rainy,Low,Evening,8,64
540,10.83,Clear,Medium,Evening,8,51
541,16.3,Foggy,Low,Morning,12,100
542,5.98,Foggy,High,Morning,14,44
543,5.98,Rainy,High,Morning,21,60
544,4.14,Foggy,Medium,Morning,21,46
545,16.68,Clear,Medium,Afternoon,9,63
546,18.69,Windy,Medium,Night,23,74
547,18.44,Rainy,High,Morning,27,80
548,13.0,Windy,High,Morning,22,65
549,16.45,Clear,Medium,Evening,25,87
550,16.17,Clear,Medium,Evening,10,116
551,17.88,Clear,Medium,Evening,29,98
552,5.23,Clear,Medium,Morning,19,37
553,4.32,Clear,Medium,Morning,17,36
554,9.09,Rainy,Medium,Morning,6,43
555,12.67,Windy,Medium,Morning,7,43
556,1.85,Clear,Medium,Evening,10,24
557,7.51,Rainy,Low,Evening,27,50
558,6.58,Clear,Low,Afternoon,13,34
559,12.7,Clear,Low,Morning,22,57
560,7.31,Foggy,Medium,Afternoon,26,65
561,9.2,Clear,High,Morning,9,48
562,10.22,Foggy,Low,Afternoon,21,61
563,8.15,Clear,High,Evening,12,43
564,10.61,Clear,Medium,Morning,17,59
565,7.73,Clear,High,Night,29,58
566,19.66,Clear,Low,Morning,19,70
567,14.66,Snowy,High,Morning,5,71
568,9.73,Clear,Low,Afternoon,29,60
569,14.52,Clear,Medium,Afternoon,26,86
570,5.93,Foggy,High,Morning,27,106
571,4.94,Rainy,High,Evening,28,63
572,11.88,Rainy,High,Afternoon,29,78
573,19.41,Foggy,Medium,Morning,7,66
574,3.68,Clear,High,Afternoon,16,47
575,11.06,Clear,High,Evening,6,53
576,10.2,Rainy,Medium,Afternoon,18,56
577,0.74,Rainy,Low,Morning,13,21
578,15.21,Snowy,Medium,Afternoon,20,90
579,7.69,Rainy,High,Morning,16,58
580,11.21,Clear,High,Afternoon,23,76
581,6.18,Clear,Medium,Evening,9,35
582,2.71,Clear,Medium,Morning,6,19
583,3.49,Clear,Medium,Morning,17,38
584,9.29,Clear,Medium,Morning,17,49
585,0.71,Foggy,Low,Night,29,41
586,5.32,Rainy,Low,Afternoon,27,48
587,4.1,Clear,Medium,Evening,18,38
588,13.84,Clear,Low,Morning,18,64
589,3.9,Rainy,High,Morning,25,54
590,18.6,Rainy,Medium,Morning,28,77
591,14.88,Snowy,Medium,Evening,10,64
592,3.63,Windy,Medium,Morning,22,39
593,3.22,Windy,High,Morning,7,27
594,11.51,Foggy,Low,Afternoon,5,57
595,19.72,Rainy,Low,Afternoon,27,109
596,11.08,Clear,Low,Evening,28,58
597,3.95,Clear,Medium,Morning,28,47
598,7.29,Clear,High,Evening,11,48
599,10.3,Clear,Low,Morning,12,41
600,10.73,Rainy,High,Afternoon,27,83
601,17.28,Clear,Low,Morning,28,72
602,13.37,Foggy,Medium,Evening,16,71
603,11.36,Clear,Medium,Morning,8,52
604,7.58,Clear,High,Afternoon,19,57
605,6.13,Rainy,High,Morning,25,59
606,2.32,Clear,Low,Afternoon,23,32
607,17.49,Rainy,Low,Evening,27,97
608,1.69,Windy,Medium,Afternoon,11,20
609,4.52,Clear,Low,Evening,17,71
610,7.15,Windy,Low,Morning,15,42
611,10.86,Windy,Medium,Morning,10,60
612,15.88,Rainy,Low,Evening,17,68
613,9.7,Snowy,Low,Evening,6,45
614,14.95,Clear,Medium,Morning,13,49
615,11.36,Foggy,Low,Afternoon,6,47
616,12.14,Foggy,High,Afternoon,12,65
617,16.31,Foggy,Medium,Afternoon,14,71
618,14.7,Clear,Medium,Evening,24,75
619,13.42,Rainy,Medium,Evening,6,105
620,7.9,Clear,Low,Afternoon,22,48
621,15.35,Foggy,Low,Morning,5,56
622,15.12,Foggy,Low,Morning,14,58
623,0.82,Windy,Low,Morning,18,23
624,6.43,Clear,Low,Evening,9,26
625,8.66,Snowy,High,Morning,29,77
626,11.16,Foggy,Medium,Afternoon,21,77
627,18.77,Foggy,Low,Afternoon,15,71
628,5.84,Clear,Medium,Evening,21,35
629,1.01,Clear,High,Night,17,29
630,3.92,Rainy,Medium,Night,20,41
631,12.77,Foggy,Low,Morning,22,71
632,2.33,Clear,Low,Evening,9,18
633,2.92,Windy,High,Afternoon,24,48
634,13.35,Rainy,Low,Evening,14,91
635,5.26,Rainy,Medium,Evening,28,51
636,4.39,Foggy,Medium,Night,12,38
637,8.67,Windy,High,Morning,20,55
638,16.53,Snowy,Low,Afternoon,24,99
639,13.47,Clear,Medium,Evening,19,59
640,18.86,Snowy,Medium,Night,18,89
641,12.81,Clear,Low,Morning,12,51
642,2.4,Snowy,Low,Night,27,42
643,7.44,Rainy,Medium,Evening,6,39
644,1.89,Clear,Medium,Evening,13,22
645,19.28,Snowy,Medium,Morning,21,101
646,6.29,Clear,Medium,Morning,10,27
647,1.81,Clear,Medium,Afternoon,23,34
648,1.74,Clear,Medium,Night,23,34
649,13.44,Clear,Medium,Morning,22,79
650,7.11,Clear,Low,Afternoon,27,48
651,4.5,Windy,Low,Evening,20,32
652,8.31,Windy,Medium,Morning,6,44
653,16.37,Clear,High,Morning,26,97
654,9.78,Clear,Medium,Afternoon,18,58
655,4.88,Windy,Medium,Afternoon,26,48
656,5.54,Rainy,Medium,Morning,28,51
657,11.54,Clear,High,Afternoon,10,56
658,12.85,Clear,Low,Afternoon,5,54
659,5.56,Clear,Low,Afternoon,19,31
660,3.33,Clear,Medium,Evening,24,44
661,3.47,Snowy,High,Night,24,53
662,12.01,Clear,Low,Morning,26,57
663,15.98,Foggy,Low,Morning,21,90
664,3.64,Clear,Low,Morning,16,26
665,19.47,Clear,Low,Morning,16,83
666,15.51,Rainy,Medium,Morning,10,81
667,10.42,Windy,Medium,Afternoon,28,72
668,15.9,Rainy,Low,Evening,19,78
669,15.17,Windy,Low,Morning,25,77
670,2.78,Rainy,Low,Morning,21,37
671,1.98,Rainy,Low,Afternoon,22,39
672,14.03,Clear,Low,Afternoon,17,65
673,2.06,Foggy,Medium,Evening,22,40
674,11.02,Clear,High,Morning,22,70
675,17.95,Snowy,High,Morning,16,96
676,5.17,Foggy,Low,Morning,29,56
677,16.62,Snowy,Low,Afternoon,26,94
678,0.71,Rainy,Low,Morning,25,31
679,13.44,Clear,Medium,Evening,9,55
680,13.1,Clear,Low,Evening,28,72
681,19.24,Rainy,High,Afternoon,9,75
682,5.35,Clear,Medium,Afternoon,24,43
683,12.22,Clear,Low,Evening,15,56
684,18.55,Clear,Low,Afternoon,11,69
685,6.44,Clear,Low,Afternoon,18,43
686,8.77,Foggy,Medium,Evening,14,49
687,10.97,Clear,Low,Afternoon,27,51
688,6.68,Clear,High,Morning,10,44
689,12.93,Rainy,Low,Afternoon,25,61
690,7.99,Clear,Medium,Evening,18,42
691,15.78,Clear,High,Afternoon,12,68
692,9.95,Windy,High,Evening,21,72
693,13.47,Rainy,Low,Afternoon,7,46
694,17.19,Clear,Medium,Afternoon,11,76
695,3.23,Clear,High,Afternoon,17,33
696,1.27,Foggy,High,Afternoon,25,46
697,4.71,Clear,Low,Morning,20,31
698,12.82,Rainy,Medium,Evening,28,72
699,18.21,Clear,Low,Evening,6,74
700,9.51,Clear,High,Morning,26,63
701,0.89,Rainy,Low,Morning,9,20
702,5.24,Windy,High,Afternoon,26,51
703,10.64,Windy,Low,Evening,11,36
704,13.23,Clear,Medium,Night,20,70
705,19.03,Clear,Medium,Morning,8,65
706,10.3,Rainy,Low,Evening,29,73
707,12.39,Snowy,Medium,Evening,14,56
708,18.8,Clear,High,Afternoon,23,95
709,16.78,Rainy,Medium,Morning,22,70
710,7.85,Clear,Low,Afternoon,7,34
711,11.63,Clear,Medium,Night,29,57
712,7.8,Windy,Medium,Afternoon,17,44
713,11.88,Rainy,Medium,Afternoon,5,63
714,14.89,Clear,High,Evening,22,88
715,16.44,Rainy,High,Afternoon,12,86
716,2.65,Clear,Medium,Afternoon,14,35
717,18.01,Foggy,High,Night,14,71
718,10.32,Clear,Medium,Night,24,49
719,6.37,Rainy,Low,Afternoon,29,56
720,3.74,Rainy,Low,Morning,19,36
721,17.99,Windy,High,Evening,5,73
722,13.96,Rainy,Low,Night,5,42
723,16.02,Clear,Low,Evening,20,61
724,7.52,Clear,Medium,Afternoon,17,44
725,2.51,Clear,Low,Morning,16,28
726,6.7,Foggy,High,Morning,23,59
727,17.61,Windy,Low,Morning,5,61
728,3.65,Clear,Medium,Morning,29,46
729,14.27,Clear,Medium,Night,24,77
730,8.85,Clear,Low,Afternoon,11,45
731,9.24,Windy,Medium,Afternoon,8,49
732,19.7,Rainy,Low,Evening,16,66
733,11.61,Clear,High,Morning,19,67
734,16.44,Windy,High,Afternoon,8,80
735,8.67,Rainy,High,Afternoon,12,104
736,5.14,Clear,Medium,Evening,23,43
737,10.46,Clear,Medium,Evening,25,68
738,5.23,Clear,Medium,Morning,23,47
739,10.35,Clear,Medium,Night,7,48
740,4.04,Rainy,High,Evening,14,39
741,2.66,Clear,Low,Afternoon,16,21
742,17.61,Foggy,Medium,Afternoon,9,74
743,8.48,Clear,High,Night,11,39
744,17.06,Clear,Low,Evening,9,66
745,6.78,Foggy,Low,Night,18,42
746,9.0,Snowy,Medium,Afternoon,29,78
747,12.74,Clear,Low,Afternoon,12,63
748,18.72,Rainy,Medium,Afternoon,17,89
749,3.23,Clear,Low,Morning,7,14
750,12.56,Clear,Low,Morning,22,49
751,1.0,Snowy,Medium,Morning,28,51
752,3.46,Clear,Low,Morning,24,37
753,6.0,Snowy,Low,Morning,20,53
754,14.79,Clear,Medium,Morning,12,64
755,14.65,Snowy,High,Morning,19,95
756,14.2,Clear,Medium,Afternoon,17,73
757,7.04,Clear,Low,Afternoon,11,38
758,19.74,Clear,Medium,Afternoon,16,98
759,11.88,Rainy,Medium,Evening,20,69
760,18.63,Clear,Low,Evening,26,75
761,8.8,Rainy,Medium,Afternoon,6,38
762,11.75,Clear,High,Morning,9,55
763,18.95,Snowy,Low,Morning,27,92
764,7.6,Foggy,Low,Morning,16,48
765,17.99,Foggy,Low,Morning,11,84
766,13.82,Clear,Medium,Evening,21,72
767,15.53,Foggy,Low,Evening,26,68
768,3.97,Clear,High,Afternoon,19,40
769,10.1,Clear,High,Morning,17,55
770,18.21,Foggy,Low,Morning,5,70
771,2.68,Clear,Low,Morning,16,25
772,3.88,Snowy,Low,Morning,9,33
773,15.89,Snowy,Medium,Afternoon,15,91
774,6.73,Clear,Medium,Afternoon,21,54
775,0.75,Clear,Medium,Afternoon,10,16
776,13.79,Rainy,Low,Night,11,69
777,18.83,Clear,Medium,Evening,5,69
778,11.62,Clear,Low,Afternoon,9,33
779,5.03,Clear,Medium,Morning,17,38
780,15.08,Rainy,Medium,Evening,26,94
781,10.48,Rainy,Low,Afternoon,10,45
782,7.82,Rainy,Medium,Evening,16,45
783,16.98,Clear,Low,Morning,11,78
784,14.83,Rainy,Low,Morning,19,126
785,5.67,Clear,Low,Morning,11,27
786,18.33,Snowy,Medium,Morning,5,67
787,17.46,Clear,Medium,Morning,6,62
788,1.34,Foggy,High,Evening,9,30
789,1.38,Clear,Low,Morning,13,17
790,3.67,Clear,Low,Morning,9,26
791,7.86,Windy,Medium,Morning,22,55
792,8.98,Clear,Medium,Afternoon,22,105
793,12.85,Rainy,Medium,Evening,6,61
794,17.91,Clear,Low,Afternoon,6,68
795,15.09,Snowy,Low,Morning,20,68
796,4.22,Clear,Medium,Morning,16,35
797,12.33,Clear,High,Night,7,101
798,17.87,Snowy,Low,Morning,29,87
799,2.16,Clear,Medium,Night,10,23
800,3.11,Rainy,Medium,Morning,21,43
801,1.42,Clear,High,Afternoon,24,40
802,18.57,Rainy,Medium,Afternoon,16,89
803,17.51,Clear,Medium,Evening,15,60
804,6.84,Clear,Medium,Evening,25,51
805,18.34,Snowy,Medium,Afternoon,22,91
806,3.51,Windy,Medium,Night,22,44
807,14.7,Clear,Medium,Morning,6,58
808,16.85,Clear,High,Morning,17,71
809,16.26,Rainy,Low,Morning,27,66
810,19.1,Snowy,Medium,Morning,25,90
811,13.71,Rainy,Medium,Evening,22,64
812,8.92,Clear,Medium,Morning,10,51
813,14.58,Clear,Low,Evening,23,70
814,9.71,Clear,Low,Afternoon,27,61
815,19.94,Clear,Low,Afternoon,26,83
816,4.53,Snowy,Medium,Morning,18,49
817,10.7,Clear,High,Afternoon,8,57
818,10.13,Clear,Medium,Evening,22,65
819,0.78,Clear,Low,Afternoon,11,18
820,18.84,Foggy,Medium,Afternoon,25,88
821,15.08,Snowy,Low,Evening,29,84
822,17.32,Clear,Low,Evening,10,77
823,6.81,Clear,Medium,Evening,23,47
824,2.79,Clear,High,Morning,23,38
825,11.44,Foggy,High,Afternoon,14,74
826,2.44,Snowy,High,Evening,13,39
827,2.48,Rainy,Low,Evening,20,30
828,7.75,Clear,Medium,Evening,21,55
829,0.85,Clear,Medium,Morning,9,17
830,8.87,Clear,Low,Evening,19,55
831,15.37,Snowy,Medium,Afternoon,15,66
832,10.29,Foggy,Medium,Evening,25,67
833,15.06,Rainy,Low,Morning,22,65
834,3.54,Foggy,Low,Morning,23,37
835,7.17,Clear,Medium,Morning,7,29
836,4.62,Rainy,Medium,Afternoon,8,33
837,5.53,Clear,Low,Morning,10,27
838,12.74,Rainy,Low,Afternoon,17,63
839,9.06,Clear,High,Evening,26,61
840,2.71,Foggy,Low,Morning,6,28
841,16.92,Clear,Low,Night,23,78
842,13.54,Foggy,Low,Morning,11,54
843,1.0,Snowy,Medium,Morning,25,44
844,8.77,Clear,Medium,Morning,12,42
845,16.01,Windy,Low,Morning,28,84
846,12.63,Foggy,Medium,Night,8,49
847,8.09,Foggy,Low,Evening,22,56
848,6.54,Clear,Medium,Night,10,39
849,10.64,Clear,Medium,Afternoon,14,45
850,1.77,Clear,Medium,Evening,14,22
851,13.0,Foggy,Low,Evening,25,77
852,12.83,Clear,Low,Evening,5,50
853,13.02,Snowy,High,Afternoon,6,65
854,18.89,Rainy,Medium,Morning,22,74
855,10.53,Foggy,High,Evening,25,72
856,5.01,Rainy,Low,Afternoon,10,31
857,16.0,Foggy,Medium,Afternoon,13,65
858,17.86,Clear,Low,Afternoon,16,83
859,2.99,Foggy,High,Afternoon,9,90
860,16.38,Clear,Medium,Morning,6,51
861,6.09,Clear,Medium,Night,7,27
862,13.61,Clear,Low,Morning,26,66
863,8.5,Snowy,High,Evening,14,56
864,8.55,Clear,Low,Evening,28,46
865,4.05,Clear,Medium,Afternoon,21,39
866,19.5,Clear,High,Morning,18,73
867,7.59,Clear,Medium,Afternoon,16,37
868,16.66,Snowy,High,Afternoon,29,95
869,19.41,Snowy,High,Evening,21,100
870,13.74,Foggy,Medium,Afternoon,6,56
871,0.64,Clear,High,Night,10,24
872,12.1,Clear,High,Afternoon,11,53
873,12.09,Clear,Medium,Morning,13,60
874,11.82,Windy,Medium,Night,24,77
875,5.28,Foggy,Low,Morning,27,53
876,5.98,Clear,Low,Evening,22,35
877,2.93,Clear,Medium,Morning,24,94
878,4.05,Snowy,Medium,Evening,19,50
879,13.61,Clear,Low,Morning,12,43
880,2.88,Rainy,Medium,Morning,16,41
881,5.91,Clear,Medium,Evening,29,57
882,6.0,Rainy,Medium,Evening,21,47
883,11.33,Clear,Medium,Afternoon,29,77
884,15.01,Clear,Medium,Morning,15,64
885,6.85,Clear,High,Morning,16,48
886,11.93,Snowy,High,Morning,7,75
887,18.82,Windy,Low,Morning,5,77
888,1.03,Clear,Medium,Afternoon,19,29
889,14.22,Rainy,Medium,Evening,25,84
890,18.18,Snowy,High,Morning,17,85
891,14.75,Clear,Low,Morning,10,62
892,11.7,Rainy,Low,Afternoon,17,60
893,10.68,Clear,Low,Morning,14,42
894,1.51,Clear,High,Evening,26,44
895,8.01,Clear,High,Morning,8,48
896,3.23,Rainy,Low,Morning,25,42
897,13.16,Rainy,High,Morning,25,68
898,10.11,Windy,Low,Morning,11,44
899,18.39,Windy,Low,Afternoon,24,74
900,10.62,Windy,Medium,Afternoon,22,54
901,10.73,Clear,Medium,Afternoon,7,57
902,6.23,Clear,Medium,Evening,20,51
903,2.14,Clear,Low,Afternoon,25,36
904,12.83,Clear,Medium,Morning,19,76
905,8.37,Clear,High,Evening,13,42
906,3.69,Rainy,Medium,Afternoon,8,27
907,18.1,Clear,Low,Morning,8,77
908,7.06,Clear,Low,Afternoon,26,51
909,1.94,Foggy,Low,Night,10,25
910,0.59,Clear,Low,Afternoon,21,27
911,17.01,Snowy,Low,Night,28,97
912,5.36,Clear,Low,Afternoon,11,30
913,12.0,Clear,Low,Evening,25,75
914,16.23,Clear,Medium,Evening,6,54
915,19.04,Rainy,Low,Evening,12,60
916,18.33,Foggy,Medium,Morning,19,98
917,2.58,Clear,Medium,Morning,25,37
918,4.65,Clear,Medium,Evening,21,46
919,17.33,Snowy,Low,Evening,12,79
920,0.68,Snowy,High,Evening,29,50
921,19.33,Clear,Medium,Morning,7,73
922,3.42,Clear,Medium,Night,11,24
923,19.02,Rainy,High,Evening,22,106
924,17.81,Windy,High,Evening,21,122
925,2.67,Clear,Medium,Night,17,28
926,19.24,Snowy,Low,Morning,26,114
927,14.41,Rainy,Medium,Night,16,85
928,2.41,Clear,Medium,Evening,15,25
929,17.98,Clear,Low,Evening,5,45
930,7.34,Foggy,Medium,Afternoon,22,93
931,12.51,Clear,Medium,Evening,18,62
932,4.97,Rainy,Low,Evening,17,34
933,19.1,Snowy,Low,Afternoon,18,101
934,4.64,Clear,Low,Afternoon,15,24
935,14.07,Rainy,Low,Evening,10,63
936,3.79,Clear,Medium,Morning,13,34
937,3.96,Clear,Medium,Afternoon,23,44
938,18.31,Clear,Medium,Afternoon,25,79
939,6.76,Foggy,Medium,Night,7,42
940,0.76,Clear,Low,Afternoon,26,28
941,5.81,Rainy,Medium,Evening,14,41
942,12.08,Clear,High,Afternoon,16,60
943,1.57,Rainy,Low,Evening,16,30
944,11.89,Clear,Medium,Afternoon,28,79
945,7.02,Clear,Medium,Evening,23,53
946,13.85,Clear,Low,Evening,29,71
947,9.32,Rainy,Medium,Evening,24,71
948,7.72,Foggy,High,Evening,19,64
949,8.15,Rainy,Low,Afternoon,26,50
950,3.54,Rainy,Medium,Afternoon,17,41
951,3.16,Snowy,Low,Morning,9,27
952,11.65,Windy,Low,Night,10,53
953,5.22,Snowy,Medium,Morning,14,43
954,5.41,Clear,High,Morning,17,38
955,9.88,Rainy,Medium,Morning,7,43
956,19.86,Rainy,High,Evening,12,71
957,5.53,Windy,High,Morning,23,59
958,12.46,Foggy,Low,Afternoon,10,62
959,1.38,Clear,Medium,Morning,6,17
960,10.79,Clear,Medium,Evening,24,65
961,14.23,Clear,Medium,Afternoon,23,70
962,1.21,Snowy,Low,Afternoon,22,39
963,11.1,Clear,Low,Afternoon,18,56
964,17.1,Clear,Medium,Evening,25,65
965,3.22,Clear,Medium,Afternoon,19,32
966,19.27,Foggy,Medium,Morning,29,85
967,2.82,Rainy,Medium,Evening,10,29
968,7.67,Foggy,Medium,Afternoon,22,59
969,16.07,Clear,Medium,Evening,16,64
970,7.97,Windy,Medium,Evening,9,35
971,18.0,Rainy,High,Night,22,98
972,16.17,Clear,Medium,Evening,12,78
973,14.86,Clear,High,Night,15,91
974,11.68,Clear,Medium,Afternoon,25,70
975,12.59,Clear,Low,Evening,10,39
976,8.96,Snowy,Medium,Morning,6,51
977,16.51,Clear,Medium,Morning,7,79
978,16.01,Clear,Low,Afternoon,12,72
979,19.74,Rainy,High,Afternoon,11,81
980,8.64,Snowy,Low,Evening,29,62
981,5.13,Clear,Medium,Morning,16,38
982,5.78,Clear,High,Morning,11,38
983,2.6,Clear,Low,Afternoon,16,29
984,2.34,Foggy,Medium,Morning,8,28
985,12.93,Clear,Medium,Morning,20,58
986,1.6,Clear,Medium,Evening,14,24
987,7.44,Rainy,Low,Evening,27,53
988,14.39,Rainy,Medium,Morning,6,50
989,6.07,Clear,Low,Afternoon,18,35
990,17.97,Windy,Medium,Morning,28,92
991,17.53,Clear,Low,Afternoon,14,79
992,12.43,Rainy,High,Morning,13,70
993,10.89,Windy,Medium,Evening,7,58
994,4.37,Clear,Medium,Evening,6,25
995,8.5,Clear,High,Evening,13,54
996,16.28,Rainy,Low,Morning,8,71
997,15.62,Snowy,High,Evening,26,81
998,14.17,Clear,Low,Afternoon,8,55
999,6.63,Foggy,Low,Night,24,58
